"SOP HISTORICAL PRICES",,,,,,,,,,,,,,
,,,,,,,,,,,,,,
,"DATE",,"Avg. Price","Chicago","New England","Buffalo","New York","Southeast","Southwest","Los Angeles","San Francisco","Pacific NW",,
,,,,,,,,,,,,,,
,Nov-14,,,,,,,,,,,,,
,Oct-14,,$158.00,,,,$160.00,$145.00,$145.00,$180.00,,$160.00,,
,Sep-14,,$154.17,$140.00,,,$160.00,$145.00,$145.00,$180.00,,$155.00,,
,Aug-14,,$154.17,$140.00,,,$160.00,$145.00,$145.00,$180.00,,$155.00,,
,Jul-14,,$154.17,$140.00,,,$160.00,$145.00,$145.00,$180.00,,$155.00,,
,Jun-14,,$152.50,$135.00,,,$160.00,$140.00,$145.00,$180.00,,$155.00,,
,May-14,,$152.50,$135.00,,,$160.00,$140.00,$145.00,$180.00,,$155.00,,
,Apr-14,,$152.50,$135.00,,,$160.00,$140.00,$145.00,$180.00,,$155.00,,
,Mar-14,,$153.33,$135.00,,,$165.00,$145.00,$145.00,$180.00,,$150.00,,
,Feb-14,,$147.50,$135.00,,,$160.00,$140.00,$140.00,$170.00,,$140.00,,
,Jan-14,,$140.00,$125.00,,,$150.00,$135.00,$135.00,$160.00,,$135.00,,
,Dec-13,,$135.00,$125.00,,,$145.00,$125.00,$125.00,$155.00,,$135.00,,
,Nov-13,,$136.67,$125.00,,,$155.00,$125.00,$125.00,$155.00,,$135.00,,
,Oct-13,,$139.17,$125.00,,,$155.00,$130.00,$135.00,$155.00,,$135.00,,
,Sep-13,,$139.17,$125.00,,,$155.00,$130.00,$135.00,$155.00,,$135.00," ",
,Aug-13,,$144.17,$125.00," "," ",$155.00,$140.00,$145.00,$160.00,,$140.00,,
,Jul-13,,$143.33,$125.00," "," ",$145.00,$140.00,$145.00,$165.00,,$140.00,,
,Jun-13,,$144.17,$125.00," "," ",$145.00,$135.00,$140.00,$170.00,,$150.00,,
,May-13,,$150.00,$130.00," "," ",$150.00,$135.00,$145.00,$180.00," ",$160.00,,
,Apr-13,,$157.50,$140.00,,,$155.00,$145.00,$150.00,$185.00,,$170.00,,
,Mar-13,,$160.83,$145.00,,,$165.00,$145.00,$155.00,$180.00,,$175.00,,
,Feb-13,,$159.17,$140.00,,,$165.00,$145.00,$155.00,$180.00,,$170.00,,
,Jan-13,,$155.83,$135.00,,,$165.00,$145.00,$150.00,$180.00,,$160.00,,
,Dec-12,,$165.00,$145.00,$165.00,$175.00,$175.00,$140.00,$145.00,$190.00,$180.00,$170.00,,
,Nov-12,,$165.56,$145.00,$175.00,$175.00,$175.00,$140.00,$145.00,$190.00,$180.00,$165.00,,
,Oct-12,,$166.67,$145.00,$175.00,$175.00,$175.00,$145.00,$155.00,$190.00,$180.00,$160.00,,
,Sep-12,,$171.67,$165.00,$175.00,$175.00,$175.00,$165.00,$175.00,$185.00,$175.00,$155.00,,
,Aug-12,,$186.11,$175.00,$185.00,$185.00,$185.00,$185.00,$195.00,$195.00,$185.00,$185.00,,
,Jul-12,,$185.00,$175.00,$185.00,$185.00,$185.00,$185.00,$185.00,$195.00,$185.00,$185.00,,
,Jun-12,,$166.67,$155.00,$160.00,$160.00,$160.00,$165.00,$170.00,$185.00,$175.00,$170.00,,
,May-12,,$160.00,$145.00,$150.00,$150.00,$150.00,$155.00,$160.00,$185.00,$175.00,$170.00,,
,Apr-12,,$160.00,$145.00,$150.00,$150.00,$150.00,$155.00,$160.00,$185.00,$175.00,$170.00,,
,Mar-12,,$169.44,$150.00,$170.00,$170.00,$170.00,$165.00,$170.00,$185.00,$175.00,$170.00,,
,Feb-12,,$163.89,$145.00,$170.00,$170.00,$170.00,$140.00,$150.00,$185.00,$175.00,$170.00,,
,Jan-12,,$151.11,$130.00,$150.00,$150.00,$150.00,$130.00,$140.00,$175.00,$175.00,$160.00,,
,Dec-11,,$148.33,$125.00,$150.00,$150.00,$150.00,$130.00,$130.00,$165.00,$165.00,$170.00,,
,Nov-11,,$162.22,$150.00,$160.00,$160.00,$160.00,$150.00,$150.00,$175.00,$175.00,$180.00,,
,Oct-11,,$244.44,$250.00,$250.00,$250.00,$260.00,$250.00,$260.00,$235.00,$235.00,$210.00,,
,Sep-11,,$263.33,$270.00,$270.00,$270.00,$280.00,$270.00,$270.00,$255.00,$255.00,$230.00,,
,Aug-11,,$282.78,$290.00,$290.00,$290.00,$300.00,$300.00,$290.00,$270.00,$270.00,$245.00,,
,Jul-11,,$276.67,$275.00,$280.00,$280.00,$290.00,$290.00,$290.00,$270.00,$270.00,$245.00,,
,Jun-11,,$269.44,$260.00,$270.00,$270.00,$280.00,$280.00,$280.00,$270.00,$270.00,$245.00,,
,May-11,,$269.44,$260.00,$270.00,$270.00,$280.00,$280.00,$280.00,$270.00,$270.00,$245.00,,
,Apr-11,,$256.11,$240.00,$270.00,$270.00,$270.00,$260.00,$260.00,$255.00,$255.00,$225.00,,
,Mar-11,,$235.00,$210.00,$250.00,$250.00,$250.00,$220.00,$230.00,$245.00,$245.00,$215.00,,
,Feb-11,,$227.22,$210.00,$230.00,$230.00,$230.00,$220.00,$220.00,$245.00,$245.00,$215.00,,
,Jan-11,,$214.44,$200.00,$215.00,$215.00,$215.00,$200.00,$195.00,$240.00,$240.00,$210.00,,
,Dec-10,,$214.44,$200.00,$210.00,$210.00,$210.00,$200.00,$195.00,$240.00,$240.00,$225.00,,
,Nov-10,,$217.78,$210.00,$210.00,$210.00,$210.00,$210.00,$205.00,$240.00,$240.00,$225.00,,
,Oct-10,,$218.33,$220.00,$220.00,$220.00,$220.00,$220.00,$205.00,$225.00,$225.00,$210.00,,
,Sep-10,,$220.00,$220.00,$220.00,$220.00,$220.00,$220.00,$220.00,$225.00,$225.00,$210.00,,
,Aug-10,"201008",$220.00,$220.00,$220.00,$220.00,$220.00,$220.00,$220.00,$225.00,$225.00,$210.00,,
,Jul-10,"201007",$205.00,$210.00,$200.00,$200.00,$200.00,$205.00,$200.00,$215.00,$215.00,$200.00,,
,Jun-10,"201006",$200.00,$200.00,$200.00,$200.00,$200.00,$200.00,$200.00,$205.00,$205.00,$190.00,,
,May-10,"201005",$200.56,$205.00,$200.00,$200.00,$200.00,$200.00,$200.00,$205.00,$205.00,$190.00,,
,Apr-10,"201004",$200.56,$205.00,$200.00,$200.00,$200.00,$200.00,$200.00,$205.00,$205.00,$190.00,,
,Mar-10,"201003",$213.89,$220.00,$215.00,$215.00,$215.00,$215.00,$215.00,$215.00,$215.00,$200.00,,
,Feb-10,"201002",$213.89,$220.00,$215.00,$215.00,$215.00,$215.00,$215.00,$215.00,$215.00,$200.00,,
,Jan-10,"201001",$200.56,$205.00,$200.00,$200.00,$200.00,$200.00,$200.00,$205.00,$205.00,$190.00,,
,Dec-09,,$183.89,$185.00,$180.00,$180.00,$180.00,$180.00,$180.00,$195.00,$195.00,$180.00,,
,Nov-09,,$173.89,$175.00,$170.00,$170.00,$170.00,$170.00,$170.00,$185.00,$185.00,$170.00,,
,Oct-09,,$161.11,$155.00,$155.00,$155.00,$155.00,$160.00,$160.00,$175.00,$175.00,$160.00,,
,Sep-09,,$148.89,$135.00,$145.00,$145.00,$145.00,$145.00,$145.00,$165.00,$165.00,$150.00,,
,Aug-09,,$137.78,$125.00,$135.00,$135.00,$135.00,$130.00,$130.00,$155.00,$155.00,$140.00,,
,Jul-09,,$126.11,$115.00,$125.00,$125.00,$125.00,$120.00,$120.00,$140.00,$140.00,$125.00,,
,Jun-09,,$107.78,$95.00,$110.00,$110.00,$110.00,$100.00,$100.00,$125.00,$125.00,$95.00,,
,May-09,,$96.67,$90.00,$100.00,$100.00,$100.00,$90.00,$90.00,$110.00,$110.00,$80.00,,
,"Apr-09",,$100.56,$95.00,$100.00,$100.00,$100.00,$95.00,$95.00,$110.00,$110.00,$100.00,,
,"Mar-09",,$102.22,$100.00,$100.00,$100.00,$100.00,$100.00,$100.00,$110.00,$110.00,$100.00,,
,"Feb-09",,$103.33,$100.00,$100.00,$100.00,$100.00,$100.00,$100.00,$110.00,$110.00,$110.00,,
,"Jan-09",,$98.33,$100.00,$95.00,$95.00,$95.00,$100.00,$100.00,$100.00,$100.00,$100.00," ",
,Dec-08,,$103.33,$100.00,$100.00,$100.00,$100.00,$100.00,$100.00,$130.00,$100.00,$100.00," ",
,Nov-08,,$158.33,$150.00,$165.00,$165.00,$165.00,$165.00,$165.00,$170.00,$140.00,$140.00," ",
,Oct-08,,$206.67,$200.00,$215.00,$215.00,$215.00,$200.00,$190.00,$210.00,$210.00,$205.00," ",
,Sep-08,,$222.22,$210.00,$235.00,$235.00,$235.00,$220.00,$210.00,$220.00,$220.00,$215.00," ",
,Aug-08,,$219.44,$205.00,$230.00,$230.00,$230.00,$210.00,$200.00,$225.00,$225.00,$220.00," ",
,Jul-08,,$218.33,$205.00,$225.00,$225.00,$225.00,$200.00,$200.00,$230.00,$230.00,$225.00," ",
,Jun-08,,$217.22,$205.00,$215.00,$215.00,$215.00,$200.00,$200.00,$235.00,$235.00,$235.00," ",
,May-08,,$230.56,$220.00,$225.00,$225.00,$225.00,$215.00,$215.00,$250.00,$250.00,$250.00," ",
,Apr-08,,$238.89,$230.00,$235.00,$235.00,$235.00,$225.00,$225.00,$255.00,$255.00,$255.00," ",
,Mar-08,,$238.89,$230.00,$235.00,$235.00,$235.00,$225.00,$225.00,$255.00,$255.00,$255.00," ",
,Feb-08,,$233.89,$225.00,$235.00,$235.00,$235.00,$220.00,$220.00,$245.00,$245.00,$245.00," ",
,"Jan-08",,$223.89,$215.00,$225.00,$225.00,$225.00,$210.00,$210.00,$235.00,$235.00,$235.00," ",
,Dec-07,,$211.67,$195.00,$215.00,$215.00,$215.00,$195.00,$195.00,$225.00,$225.00,$225.00," ",
,Nov-07,,$192.78,$175.00,$185.00,$190.00,$185.00,$170.00,$170.00,$220.00,$220.00,$220.00," ",
,Oct-07,,$196.11,$185.00,$195.00,$200.00,$195.00,$180.00,$180.00,$210.00,$210.00,$210.00," ",
,Sep-07,,$192.22,$185.00,$195.00,$195.00,$195.00,$180.00,$180.00,$200.00,$200.00,$200.00," ",
,Aug-07,,$192.22,$185.00,$195.00,$195.00,$195.00,$180.00,$180.00,$200.00,$200.00,$200.00," ",
,Jul-07,,$181.67,$170.00,$185.00,$185.00,$185.00,$170.00,$170.00,$190.00,$190.00,$190.00," ",
,Jun-07,,$169.44,$160.00,$180.00,$175.00,$175.00,$150.00,$160.00,$175.00,$175.00,$175.00," ",
,May-07,,$167.78,$160.00,$175.00,$170.00,$170.00,$150.00,$160.00,$175.00,$175.00,$175.00," ",
,Apr-07,,$170.00,$160.00,$175.00,$170.00,$170.00,$160.00,$170.00,$175.00,$175.00,$175.00," ",
,Mar-07,,$167.78,$160.00,$170.00,$160.00,$160.00,$160.00,$160.00,$180.00,$180.00,$180.00," ",
,Feb-07,,$150.00,$145.00,$145.00,$145.00,$145.00,$145.00,$145.00,$160.00,$160.00,$160.00," ",
,Jan-07,,$140.00,$135.00,$135.00,$135.00,$135.00,$135.00,$135.00,$150.00,$150.00,$150.00," ",
,Dec-06,,$133.33,$125.00,$135.00,$135.00,$135.00,$125.00,$125.00,$140.00,$140.00,$140.00," ",
,Nov-06,,$130.00,$125.00,$130.00,$130.00,$130.00,$125.00,$125.00,$135.00,$135.00,$135.00," ",
,Oct-06,,$130.00,$125.00,$130.00,$130.00,$130.00,$125.00,$125.00,$135.00,$135.00,$135.00," ",
,Sep-06,,$128.89,$125.00,$130.00,$130.00,$130.00,$120.00,$120.00,$135.00,$135.00,$135.00," ",
,Aug-06,,$126.11,$125.00,$125.00,$125.00,$125.00,$115.00,$115.00,$135.00,$135.00,$135.00," ",
,Jul-06,,$118.33,$105.00,$125.00,$125.00,$125.00,$105.00,$105.00,$125.00,$125.00,$125.00," ",
,Jun-06,,$108.33,$95.00,$115.00,$115.00,$115.00,$95.00,$95.00,$115.00,$115.00,$115.00," ",
,May-06,,$108.33,$95.00,$115.00,$115.00,$115.00,$95.00,$95.00,$115.00,$115.00,$115.00," ",
,Apr-06,,$101.11,$90.00,$105.00,$105.00,$105.00,$95.00,$95.00,$105.00,$105.00,$105.00," ",
,Mar-06,,$99.44,$90.00,$100.00,$100.00,$100.00,$95.00,$95.00,$105.00,$105.00,$105.00," ",
,Feb-06,,$99.44,$90.00,$100.00,$100.00,$100.00,$95.00,$95.00,$105.00,$105.00,$105.00," ",
,Jan-06,,$100.56,$95.00,$100.00,$100.00,$100.00,$100.00,$95.00,$105.00,$105.00,$105.00," ",
,Dec-05,,$101.67,$95.00,$100.00,$100.00,$100.00,$95.00,$95.00,$110.00,$110.00,$110.00," ",
,Nov-05,,$101.67,$95.00,$100.00,$100.00,$100.00,$95.00,$95.00,$110.00,$110.00,$110.00," ",
,Oct-05,,$96.67,$90.00,$90.00,$90.00,$90.00,$85.00,$95.00,$110.00,$110.00,$110.00," ",
,Sep-05,,$96.67,$90.00,$90.00,$90.00,$90.00,$85.00,$95.00,$110.00,$110.00,$110.00," ",
,Aug-05,,$98.33,$90.00,$95.00,$95.00,$95.00,$85.00,$95.00,$110.00,$110.00,$110.00," ",
,Jul-05,,$98.33,$90.00,$95.00,$95.00,$95.00,$85.00,$95.00,$110.00,$110.00,$110.00," ",
,Jun-05,,$100.00,$90.00,$100.00,$100.00,$100.00,$85.00,$95.00,$110.00,$110.00,$110.00," ",
,May-05,,$104.44,$100.00,$105.00,$105.00,$105.00,$95.00,$100.00,$110.00,$110.00,$110.00," ",
,Apr-05,,$118.89,$110.00,$115.00,$115.00,$115.00,$105.00,$105.00,$135.00,$135.00,$135.00," ",
,Mar-05,,$126.11,$115.00,$120.00,$120.00,$120.00,$110.00,$115.00,$145.00,$145.00,$145.00," ",
,Feb-05,,$132.22,$120.00,$125.00,$125.00,$125.00,$120.00,$125.00,$150.00,$150.00,$150.00," ",
,"Jan-05",,$133.33,$120.00,$125.00,$125.00,$125.00,$125.00,$130.00,$150.00,$150.00,$150.00," ",
,Dec-04,,$135.00,$120.00,$130.00,$130.00,$130.00,$125.00,$130.00,$150.00,$150.00,$150.00," ",
,Nov-04,,$136.11,$130.00,$130.00,$130.00,$130.00,$125.00,$130.00,$150.00,$150.00,$150.00," ",
,Oct-04,,$140.56,$135.00,$135.00,$135.00,$135.00,$130.00,$130.00,$155.00,$155.00,$155.00," ",
,Sep-04,,$157.22,$145.00,$155.00,$155.00,$155.00,$155.00,$155.00,$165.00,$165.00,$165.00," ",
,Aug-04,,$148.33,$145.00,$145.00,$145.00,$145.00,$145.00,$145.00,$155.00,$155.00,$155.00," ",
,Jul-04,,$138.33,$135.00,$135.00,$135.00,$135.00,$135.00,$135.00,$145.00,$145.00,$145.00," ",
,Jun-04,,$128.33,$125.00,$125.00,$125.00,$125.00,$125.00,$125.00,$135.00,$135.00,$135.00," ",
,May-04,,$117.78,$110.00,$115.00,$115.00,$115.00,$115.00,$115.00,$125.00,$125.00,$125.00," ",
,Apr-04,,$117.78,$110.00,$115.00,$115.00,$115.00,$115.00,$115.00,$125.00,$125.00,$125.00,,
,Mar-04,,$116.11,$110.00,$110.00,$110.00,$110.00,$115.00,$115.00,$125.00,$125.00,$125.00,,
,Feb-04,,$120.56,$120.00,$120.00,$120.00,$120.00,$115.00,$115.00,$125.00,$125.00,$125.00,,
,Jan-04,,$105.56,$105.00,$105.00,$105.00,$105.00,$100.00,$100.00,$110.00,$110.00,$110.00,,
,Dec-03,,$100.56,$100.00,$100.00,$100.00,$100.00,$95.00,$95.00,$105.00,$105.00,$105.00,,
,Nov-03,"200311",$100.56,$100.00,$100.00,$100.00,$100.00,$95.00,$95.00,$105.00,$105.00,$105.00,,
,Oct-03,"200310",$100.56,$100.00,$100.00,$100.00,$100.00,$95.00,$95.00,$105.00,$105.00,$105.00,,
,Sep-03,"200309",$101.11,"$100.00 ","$100.00 ","$100.00 ","$100.00 ","$100.00 ","$95.00 ","$105.00 ","$105.00 ","$105.00 ",,
,Aug-03,"200308",$100.56,"$100.00 ","$100.00 ","$100.00 ","$100.00 ","$95.00 ","$95.00 ","$105.00 ","$105.00 ","$105.00 ",,
,Jul-03,"200307",$105.56,"$105.00 ","$105.00 ","$105.00 ","$105.00 ","$100.00 ","$100.00 ","$110.00 ","$110.00 ","$110.00 ",,
" ",Jun-03,"200306",$115.56,"$115.00 ","$115.00 ","$115.00 ","$115.00 ","$110.00 ","$110.00 ","$120.00 ","$120.00 ","$120.00 ",,
,May-03,"200305",$115.56,"$115.00 ","$115.00 ","$115.00 ","$115.00 ","$110.00 ","$110.00 ","$120.00 ","$120.00 ","$120.00 ",,
,Apr-03,"200304",$117.22,"$115.00 ","$120.00 ","$120.00 ","$120.00 ","$110.00 ","$110.00 ","$120.00 ","$120.00 ","$120.00 ",,
,Mar-03,"200303",$133.89,"$135.00 ","$135.00 ","$135.00 ","$135.00 ","$130.00 ","$130.00 ","$135.00 ","$135.00 ","$135.00 ",,
,Feb-03,"200302",$139.44,"$140.00 ","$140.00 ","$140.00 ","$140.00 ","$140.00 ","$135.00 ","$140.00 ","$140.00 ","$140.00 ",,
,Jan-03,"200301",$138.89,"$135.00 ","$140.00 ","$140.00 ","$140.00 ","$140.00 ","$135.00 ","$140.00 ","$140.00 ","$140.00 ",,
,Dec-02,"200212",$137.22,"$135.00 ","$140.00 ","$140.00 ","$140.00 ","$140.00 ","$135.00 ","$135.00 ","$135.00 ","$135.00 ",,
,Nov-02,"200211",$132.22,"$130.00 ","$135.00 ","$135.00 ","$135.00 ","$135.00 ","$130.00 ","$130.00 ","$130.00 ","$130.00 ",,
,Oct-02,"200210",$129.44,"$125.00 ","$130.00 ","$130.00 ","$130.00 ","$130.00 ","$130.00 ","$130.00 ","$130.00 ","$130.00 ",,
,Sep-02,"200209",$122.78,"$120.00 ","$125.00 ","$125.00 ","$125.00 ","$130.00 ","$120.00 ","$120.00 ","$120.00 ","$120.00 ",,
,Aug-02,"200208",$114.44,"$110.00 ","$120.00 ","$120.00 ","$120.00 ","$120.00 ","$110.00 ","$110.00 ","$110.00 ","$110.00 ",,
,Jul-02,"200207",$111.11,"$110.00 ","$115.00 ","$110.00 ","$115.00 ","$110.00 ","$110.00 ","$110.00 ","$110.00 ","$110.00 ",,
,Jun-02,"200206",$93.89,"$85.00 ","$95.00 ","$95.00 ","$95.00 ","$95.00 ","$95.00 ","$95.00 ","$95.00 ","$95.00 ",,
,May-02,"200205",$87.78,"$85.00 ","$90.00 ","$90.00 ","$90.00 ","$75.00 ","$75.00 ","$95.00 ","$95.00 ","$95.00 ",,
,Apr-02,"200204",$84.44,"$85.00 ","$90.00 ","$90.00 ","$90.00 ","$75.00 ","$75.00 ","$85.00 ","$85.00 ","$85.00 ",,
,Mar-02,"200203",$82.78,"$85.00 ","$85.00 ","$85.00 ","$85.00 ","$75.00 ","$75.00 ","$85.00 ","$85.00 ","$85.00 ",,
,Feb-02,"200202",$82.78,"$85.00 ","$85.00 ","$85.00 ","$85.00 ","$75.00 ","$75.00 ","$85.00 ","$85.00 ","$85.00 ",,
,Jan-02,"200201",$82.78,"$85.00 ","$85.00 ","$85.00 ","$85.00 ","$75.00 ","$75.00 ","$85.00 ","$85.00 ","$85.00 ",,
,Dec-01,"200112",$82.78,"$85.00 ","$85.00 ","$85.00 ","$85.00 ","$75.00 ","$75.00 ","$85.00 ","$85.00 ","$85.00 ",,
,Nov-01,"200111",$82.78,"$85.00 ","$85.00 ","$85.00 ","$85.00 ","$75.00 ","$75.00 ","$85.00 ","$85.00 ","$85.00 ",,
,Oct-01,"200110",$82.78,"$85.00 ","$85.00 ","$85.00 ","$85.00 ","$75.00 ","$75.00 ","$85.00 ","$85.00 ","$85.00 ",,
,Sep-01,"200109",$81.11,"$85.00 ","$80.00 ","$80.00 ","$80.00 ","$75.00 ","$75.00 ","$85.00 ","$85.00 ","$85.00 ",,
,Aug-01,"200108",$79.44,"$80.00 ","$80.00 ","$75.00 ","$75.00 ","$75.00 ","$75.00 ","$85.00 ","$85.00 ","$85.00 ",,
,Jul-01,"200107",$76.11,"$75.00 ","$75.00 ","$70.00 ","$70.00 ","$65.00 ","$75.00 ","$85.00 ","$85.00 ","$85.00 ",,
,Jun-01,"200106",$76.11,"$75.00 ","$75.00 ","$70.00 ","$70.00 ","$65.00 ","$75.00 ","$85.00 ","$85.00 ","$85.00 ",,
,May-01,"200105",$77.22,"$75.00 ","$75.00 ","$75.00 ","$75.00 ","$65.00 ","$75.00 ","$85.00 ","$85.00 ","$85.00 ",,
,Apr-01,"200104",$87.22,"$85.00 ","$85.00 ","$85.00 ","$85.00 ","$75.00 ","$85.00 ","$95.00 ","$95.00 ","$95.00 ",,
,Mar-01,"200103",$102.22,"$100.00 ","$100.00 ","$100.00 ","$100.00 ","$90.00 ","$100.00 ","$110.00 ","$110.00 ","$110.00 ",,
,Feb-01,"200102",$122.22,"$120.00 ","$120.00 ","$120.00 ","$120.00 ","$110.00 ","$120.00 ","$130.00 ","$130.00 ","$130.00 ",,
,Jan-01,"200101",$127.22,"$125.00 ","$125.00 ","$125.00 ","$125.00 ","$115.00 ","$125.00 ","$135.00 ","$135.00 ","$135.00 ",,
,Dec-00,"200012",$127.22,"$125.00 ","$125.00 ","$125.00 ","$125.00 ","$115.00 ","$125.00 ","$135.00 ","$135.00 ","$135.00 ",,
,Nov-00,"200011",$127.22,"$125.00 ","$125.00 ","$125.00 ","$125.00 ","$115.00 ","$125.00 ","$135.00 ","$135.00 ","$135.00 ",,
,Oct-00,"200010",$129.44,"$130.00 ","$130.00 ","$130.00 ","$130.00 ","$115.00 ","$125.00 ","$135.00 ","$135.00 ","$135.00 ",,
,Sep-00,"200009",$126.67,"$130.00 ","$130.00 ","$130.00 ","$130.00 ","$115.00 ","$115.00 ","$130.00 ","$130.00 ","$130.00 ",,
,Aug-00,"200008",$131.67,"$135.00 ","$135.00 ","$135.00 ","$135.00 ","$120.00 ","$120.00 ","$135.00 ","$135.00 ","$135.00 ",,
,Jul-00,"200007",$141.67,"$145.00 ","$145.00 ","$145.00 ","$145.00 ","$130.00 ","$130.00 ","$145.00 ","$145.00 ","$145.00 ",,
,Jun-00,"200006",$150.00,"$150.00 ","$150.00 ","$150.00 ","$150.00 ","$150.00 ","$150.00 ","$150.00 ","$150.00 ","$150.00 ",,
,May-00,"200005",$160.56,"$160.00 ","$160.00 ","$160.00 ","$165.00 ","$160.00 ","$160.00 ","$160.00 ","$160.00 ","$160.00 ",,
,Apr-00,"200004",$180.56,"$180.00 ","$180.00 ","$180.00 ","$185.00 ","$180.00 ","$180.00 ","$180.00 ","$180.00 ","$180.00 ",,
,Mar-00,"200003",$190.56,"$190.00 ","$190.00 ","$190.00 ","$195.00 ","$190.00 ","$190.00 ","$190.00 ","$190.00 ","$190.00 ",,
,Feb-00,"200002",$200.56,"$200.00 ","$200.00 ","$200.00 ","$205.00 ","$200.00 ","$200.00 ","$200.00 ","$200.00 ","$200.00 ",,
,Jan-00,"200001",$182.22,"$180.00 ","$180.00 ","$180.00 ","$185.00 ","$180.00 ","$180.00 ","$185.00 ","$185.00 ","$185.00 ",,
,Dec-99,"199912",$172.22,"$170.00 ","$170.00 ","$170.00 ","$175.00 ","$170.00 ","$170.00 ","$175.00 ","$175.00 ","$175.00 ",,
,Nov-99,"199911",$157.22,"$155.00 ","$155.00 ","$155.00 ","$160.00 ","$155.00 ","$155.00 ","$160.00 ","$160.00 ","$160.00 ",,
,Oct-99,"199910",$142.22,"$140.00 ","$140.00 ","$140.00 ","$145.00 ","$140.00 ","$140.00 ","$145.00 ","$145.00 ","$145.00 "," "," "
,Sep-99,"199909",$122.22,"$120.00 ","$120.00 ","$120.00 ","$125.00 ","$120.00 ","$120.00 ","$125.00 ","$125.00 ","$125.00 ",,
,Aug-99,"199908",$107.22,"$105.00 ","$105.00 ","$105.00 ","$110.00 ","$105.00 ","$105.00 ","$110.00 ","$110.00 ","$110.00 ",,
,Jul-99,"199907",$97.22,"$95.00 ","$95.00 ","$95.00 ","$100.00 ","$95.00 ","$95.00 ","$100.00 ","$100.00 ","$100.00 ",,
,Jun-99,"199906",$87.22,"$85.00 ","$85.00 ","$85.00 ","$90.00 ","$85.00 ","$85.00 ","$90.00 ","$90.00 ","$90.00 ",,
,May-99,"199905",$78.89,"$80.00 ","$85.00 ","$85.00 ","$85.00 ","$85.00 ","$80.00 ","$70.00 ","$70.00 ","$70.00 ",,
,,," ",,,,,,,,,,,
,,," ",,,,,,,,,,,
,"AVG",," ",$138.70,$143.49,$143.25,$143.77,$137.12,$137.81,$150.72,$150.31,$146.61,,
,,," ",,,,,,,,,,,
,,," ",,,,,,,,,,,
,,," ",,,,,,,,,,,
,,," ",,,,,,,,,,,
,,," ",,,,,,,,,,,
,,," ",,,,,,,,,,,
,,," ",,,,,,,,,,,
,,," ",,,,,,,,,,,
,,," ",,,,,,,,,,,
,,," ",,,,,,,,,,,
,,," ",,,,,,,,,,,
,,," ",,,,,,,,,,,
,,," ",,,,,,,,,,,
,,," ",,,,,,,,,,,
,,," ",,,,,,,,,,,
,,," ",,,,,,,,,,,
,,," ",,,,,,,,,,,
,,," ",,,,,,,,,,,
,,," ",,,,,,,,,,,
,,," ",,,,,,,,,,,
,,," ",,,,,,,,,,,
,,," ",,,,,,,,,,,
,,," ",,,,,,,,,,,
,,," ",,,,,,,,,,,
,,," ",,,,,,,,,,,
,,," ",,,,,,,,,,,
,,," ",,,,,,,,,,,
,,," ",,,,,,,,,,,
,,," ",,,,,,,,,,,
,,," ",,,,,,,,,,,
,,," ",,,,,,,,,,,
,,," ",,,,,,,,,,,
,,," ",,,,,,,,,,,
,,," ",,,,,,,,,,,
,,," ",,,,,,,,,,,
,,," ",,,,,,,,,,,
,,," ",,,,,,,,,,,
,,," ",,,,,,,,,,,
,,," ",,,,,,,,,,,
,,," ",,,,,,,,,,,
,,," ",,,,,,,,,,,
,,," ",,,,,,,,,,,
,,," ",,,,,,,,,,,
,,," ",,,,,,,,,,,
,,," ",,,,,,,,,,,
,,," ",,,,,,,,,,,
,,," ",,,,,,,,,,,
,,," ",,,,,,,,,,,
,,," ",,,,,,,,,,,
,,," ",,,,,,,,,,,
,,," ",,,,,,,,,,,
,,," ",,,,,,,,,,,
,,," ",,,,,,,,,,,
,,," ",,,,,,,,,,,
,,," ",,,,,,,,,,,
,,," ",,,,,,,,,,,
,,," ",,,,,,,,,,,
,,," ",,,,,,,,,,,
,,," ",,,,,,,,,,,
,,," ",,,,,,,,,,,
,,," ",,,,,,,,,,,
,,," ",,,,,,,,,,,
,,," ",,,,,,,,,,,
,,," ",,,,,,,,,,,
,,," ",,,,,,,,,,,
,,," ",,,,,,,,,,,
,,," ",,,,,,,,,,,
,,," ",,,,,,,,,,,
,,," ",,,,,,,,,,,
,,," ",,,,,,,,,,,
,,," ",,,,,,,,,,,
,,," ",,,,,,,,,,,
,,," ",,,,,,,,,,,
,,," ",,,,,,,,,,,
,,," ",,,,,,,,,,,
,,," ",,,,,,,,,,,
,,," ",,,,,,,,,,,
,,," ",,,,,,,,,,,
,,," ",,,,,,,,,,,
,,," ",,,,,,,,,,,
,,," ",,,,,,,,,,,
,,," ",,,,,,,,,,,
,,," ",,,,,,,,,,,
,,," ",,,,,,,,,,,
,,," ",,,,,,,,,,,
,,," ",,,,,,,,,,,
,,," ",,,,,,,,,,,
,,," ",,,,,,,,,,,
,,," ",,,,,,,,,,,
,,," ",,,,,,,,,,,
,,," ",,,,,,,,,,,
,,," ",,,,,,,,,,,
,,," ",,,,,,,,,,,
,,," ",,,,,,,,,,,
,,," ",,,,,,,,,,,
,,," ",,,,,,,,,,,
,,," ",,,,,,,,,,,
,,," ",,,,,,,,,,,
,,," ",,,,,,,,,,,
,,," ",,,,,,,,,,,
,,," ",,,,,,,,,,,
,,," ",,,,,,,,,,,
,,," ",,,,,,,,,,,
,,," ",,,,,,,,,,,
,,," ",,,,,,,,,,,
,,," ",,,,,,,,,,,
,,," ",,,,,,,,,,,
,,," ",,,,,,,,,,,
,,," ",,,,,,,,,,,
,,," ",,,,,,,,,,,
,,," ",,,,,,,,,,,
,,," ",,,,,,,,,,,
,,," ",,,,,,,,,,,
,,," ",,,,,,,,,,,
,,," ",,,,,,,,,,,
,,," ",,,,,,,,,,,
,,," ",,,,,,,,,,,
,,," ",,,,,,,,,,,
,,," ",,,,,,,,,,,
,,," ",,,,,,,,,,,
,,," ",,,,,,,,,,,
,,," ",,,,,,,,,,,
,,," ",,,,,,,,,,,
,,," ",,,,,,,,,,,
,,," ",,,,,,,,,,,
,,," ",,,,,,,,,,,
,,," ",,,,,,,,,,,
,,," ",,,,,,,,,,,
,,," ",,,,,,,,,,,
,,," ",,,,,,,,,,,
,,," ",,,,,,,,,,,
,,," ",,,,,,,,,,,
,,," ",,,,,,,,,,,
,,," ",,,,,,,,,,,
,,," ",,,,,,,,,,,
,,," ",,,,,,,,,,,
,,," ",,,,,,,,,,,
,,," ",,,,,,,,,,,
,,," ",,,,,,,,,,,
,,," ",,,,,,,,,,,
,,," ",,,,,,,,,,,
,,," ",,,,,,,,,,,
,,," ",,,,,,,,,,,
,,," ",,,,,,,,,,,
,,," ",,,,,,,,,,,
,,," ",,,,,,,,,,,
,,," ",,,,,,,,,,,
,,," ",,,,,,,,,,,
,,," ",,,,,,,,,,,
,,," ",,,,,,,,,,,
,,," ",,,,,,,,,,,
,,," ",,,,,,,,,,,
,,," ",,,,,,,,,,,
,,," ",,,,,,,,,,,
,,," ",,,,,,,,,,,
,,," ",,,,,,,,,,,
,,," ",,,,,,,,,,,
,,," ",,,,,,,,,,,
,,," ",,,,,,,,,,,
,,," ",,,,,,,,,,,
,,," ",,,,,,,,,,,
,,," ",,,,,,,,,,,
,,," ",,,,,,,,,,,
,,," ",,,,,,,,,,,
,,," ",,,,,,,,,,,
,,," ",,,,,,,,,,,
,,," ",,,,,,,,,,,
,,," ",,,,,,,,,,,
,,," ",,,,,,,,,,,
,,," ",,,,,,,,,,,
,,," ",,,,,,,,,,,
,,," ",,,,,,,,,,,
,,," ",,,,,,,,,,,
,,," ",,,,,,,,,,,
,,," ",,,,,,,,,,,
,,," ",,,,,,,,,,,
,,," ",,,,,,,,,,,
,,," ",,,,,,,,,,,
,,," ",,,,,,,,,,,
,,," ",,,,,,,,,,,
,,," ",,,,,,,,,,,
,,," ",,,,,,,,,,,
,,," ",,,,,,,,,,,
,,," ",,,,,,,,,,,
